"SNP","CHROM","POS","REF","ALT","MAF","Effect","SE","Panicle.length.FarmCPU"
"id7004886",7,25869206,"T","C",0.370666666666667,-1.22240901657496,0.202347852406814,0.00000000000814399342024227
"id10003462",10,13110733,"C","G",0.444,0.577995581506315,0.14243535800521,0.00000108899508200759
"id11001027",11,3296722,"G","A",0.0546666666666667,2.10621825022854,0.340601004039939,0.0000000000417791715425046
"id11011548",11,28322308,"T","G",0.0613333333333333,-1.18764410284133,0.245955264289616,0.000000132122842138639
"id12009010",12,24997487,"A","C",0.282666666666667,-1.26901510789616,0.213376464392633,0.0000000000215636269141521
"id12009277",12,25634606,"A","G",0.0453333333333333,1.1990874403216,0.277677855054041,0.00000132315977201133
