"SNP","CHROM","POS","REF","ALT","MAF","Effect","SE","Plant.height.MLM"
"id1024159",1,38111539,"A","G",0.0783289817232376,-13.0956619385528,2.59817238574389,0.000000719653510027674
